L1_0,L2_0,L1_1,L2_1,rbf_width,rbf_0,rbf_1,rbf_2,rbf_3,rbf_4,rbf_5,rbf_6,rbf_7,rbf_8,rbf_9,rbf_10,rbf_11,rbf_12,rbf_13,rbf_14,rbf_15,rbf_16,rbf_17,rbf_18,rbf_19,rbf_20,rbf_21,rbf_22,rbf_23,rbf_24,rbf_25,rbf_26,rbf_27,rbf_28,rbf_29,elbo
0.010000011,32.303413,0.16347909,8.326083,0.047079194,4.7601672135742215,1.994002897773574,0.3329682054285993,1.020042155451461,2.3826522640934242,3.167986335116514,3.153919511177221,2.485088133044146,1.4512073410882622,0.5904283508775214,1.1215432431579953,1.084516267000762,-0.6453905912954686,-0.991778764032608,0.16187242794808598,1.0295690820702845,0.9365051260977937,0.12660328531077267,-0.6722173709653372,-0.3314111267527636,1.0503075840000653,1.2757520267365212,0.40618275895081607,0.5962529243106713,1.6866746890577402,1.9873953958764075,0.9484024987162116,-0.7011314898817284,-2.400917095863241,-4.112625144038744,-597.8506
4.727412,0.33187065,0.32429212,0.3240191,0.71567994,1.9187367357165916,1.789560556324804,1.6611658162064813,1.5337871561250107,1.4078956965844185,1.283501048899622,1.1623066235134205,1.0472650181563123,0.9410945545456729,0.8456577648884358,0.7604370094323826,0.6843948564597286,0.6188058731171096,0.5657740061735277,0.529354691859245,0.5113281814149616,0.5114254437089252,0.5282817036409763,0.5592473741281553,0.6004699292513179,0.6477842013377583,0.6950959686354216,0.7403849914234854,0.7816607428082665,0.8198800630316908,0.8547228694539785,0.8867318902952049,0.917052099113897,0.9472674773139993,0.9779338578048941,-365.66656
0.25565755,23.04176,0.010000011,3.2826316,0.023975797,-40.0,-40.0,-40.0,-40.0,-40.0,-40.0,-40.0,-40.0,-40.0,-40.0,-40.0,-40.0,-40.0,-40.0,-40.0,-40.0,-40.0,-40.0,-40.0,-40.0,-40.0,-40.0,-40.0,-40.0,-40.0,-40.0,-40.0,-40.0,-40.0,-40.0,nan
0.010000011,6.407323,0.010000011,3.022756,0.23238152,1.4635553994667057,0.9566295305144532,0.4502680182892879,-0.05049852847425713,-0.5386231366826798,-1.002930484726613,-1.4347427895716631,-1.8248370257128366,-2.1664849401600668,-2.453880335723713,-2.6869311210953515,-2.8668616894458507,-2.9991314668026043,-3.086111376587107,-3.1318909522873843,-3.1391214421943903,-3.11307161404966,-3.0577326494692216,-2.976354210240999,-2.8690251860963842,-2.7368362980166445,-2.581592615398489,-2.4082906904431827,-2.2211999566879155,-2.02492907574143,-1.8218979104856978,-1.6154052978180664,-1.4055357477264256,-1.194396896786334,-0.9820572458164198,-120.58572
3.8948286,0.010000011,5.14912,0.010000011,0.18826565,3.1448089764675156,2.7323888650541264,2.3207947348324565,1.9113386965896306,1.506260157673955,1.1082213007536874,0.7205966766214861,0.3463470997924611,-0.011929799457967299,-0.3525375664998264,-0.6743213645409084,-0.9767960329913483,-1.2599403423677527,-1.5240974988451748,-1.7702898752811658,-1.9998379318452384,-2.2143906339403014,-2.4148472428859566,-2.601523953148681,-2.774551968244378,-2.9347509992027576,-3.0839201348704233,-3.223974915808421,-3.3566982419384876,-3.4833058991531236,-3.60518588100661,-3.7234861140049094,-3.8392475679498705,-3.9532488260199785,-4.066422566877571,-85.18896
0.35028666,5.4781494,0.34934023,3.4404738,0.30935952,-13.26919625207073,-13.217290377695766,-13.167314090407856,-13.123895597983308,-13.090677996842695,-13.069667829492245,-13.058782136067336,-13.053374247236732,-13.0517530029786,-13.05331868162964,-13.057608035616113,-13.061330185924211,-13.059052197262158,-13.049455545675173,-13.032754844513581,-13.009559678935833,-12.979924212469736,-12.943649352632622,-12.904350863978511,-12.864240426020363,-12.82357739572171,-12.77973220396848,-12.72855888954758,-12.66658640848079,-12.591770824806826,-12.506661766059912,-12.413829397943843,-12.316907825915958,-12.215121769803723,-12.111038304300761,-530.39575
37.02801,1.8496699,10.789819,0.010000011,0.044835802,-2.691277960963027,-1.3023503780698544,-1.410292848584242,-0.9562684027429977,1.1805657011610309,1.3050171594702094,-0.021122641037478927,-1.1868453478235186,-1.10483409919838,-0.5651238941039136,-1.0683188904316483,-1.4282551379367365,-0.9540671711745143,-0.9930474129161877,-1.1721423578417938,-0.7409766391735287,-0.03875840413440963,0.05858549046098308,-0.07941402529505037,-0.07267275950413839,-0.33882820653277085,-0.8550798761514161,0.053510432717610516,1.3975729377456405,1.79106277834832,0.7238965244286373,-1.4697236391964439,-1.5782802762602717,0.8861145797100636,3.832823099857552,-624.2343
1.3188573,0.036582332,4.7844186,0.010000011,0.47895962,1.7710088702839273,2.0429597935382042,2.3097719230054636,2.5660523734001845,2.80673150375084,3.027865232699772,3.222711039617441,3.3860801731906953,3.512956704114373,3.6033231628320355,3.6568450211441275,3.6735883159544067,3.6508652490428726,3.5856440991554854,3.475859651048664,3.3199412041434995,3.1163185855097733,2.863120345801908,2.557895244417212,2.201606387784875,1.7957184281417546,1.3446574260623274,0.8526075325820243,0.32345228706457985,-0.23695183650875012,-0.8244870875875434,-1.430828730669695,-2.0505859140667377,-2.676122090439405,-3.3040142172558746,-497.5348
9.424277,0.010000011,3.415998,1.498761,0.5368252,1.5345529154164856,1.1053265275250805,0.6819502194434247,0.27882572383575494,-0.08655713131699509,-0.39618629975732045,-0.639161777047763,-0.8032121771415848,-0.8829641510551598,-0.8768965270466557,-0.7909314889451726,-0.6326512997237841,-0.41865202520773026,-0.16653965439237525,0.10612257121253217,0.3841220372366693,0.6497997767813752,0.8892251773021415,1.0947182447425488,1.2662668657777019,1.4021213031737771,1.4968835236207139,1.5461769911381955,1.554695834373815,1.5328058333949621,1.4912108752051825,1.4341760706291362,1.3662470929729722,1.2929472175818277,1.218638827956967,-1906.3618
0.058474526,21.799677,3.024114,4.494085,0.08917948,0.0614062367765275,0.2176925488205931,0.2545230665053283,0.1854691135091253,0.150874064842708,0.1451985371044301,0.0489668088383597,-0.06529584987482716,0.082059161170819,0.6447893921728581,1.4232611513379356,1.9627854340848847,1.8256249059547272,0.8851947368640605,-0.4973298841126661,-1.6646781944559828,-2.1122424273338574,-1.6872892410886182,-0.5419697024620861,0.8106645458028522,1.5737528513868344,1.2153540694127114,-0.020456324246186854,-1.3222767397235702,-2.0013700069162237,-1.8911109920767009,-1.1906170688187743,-0.13860858356347,1.1043178814001875,2.4196867004338882,-204.57925
13.941057,0.010000011,5.0265346,0.010000011,0.1922715,-0.8063818511893405,-0.22537169008717647,0.3377390116822783,0.8531656023839433,1.290682858100032,1.624970356237534,1.8426642177766832,1.9398389536168361,1.921673341306907,1.7995706279511432,1.5880706342576465,1.3027814820166832,0.958774923330515,0.5709436341328998,0.15488183117810256,-0.2769847375807541,-0.7159600749753716,-1.1590338392474608,-1.6057591043082875,-2.0567112880314307,-2.513643422571109,-2.9780625614935183,-3.4509153753389947,-3.9310553267863697,-4.416341547010833,-4.9060595204649715,-5.400189942859473,-5.8993692405189675,-6.40227191272682,-6.9070270244823115,-153.22784
7.4863853,8.068223,0.33886564,0.010000011,0.8670835,-2.245367267970256,-1.6355123921771073,-1.0418241305956983,-0.4850986459792473,0.011859227033757896,0.42554033984270656,0.7402279009039129,0.9482654023864714,1.0512639839701423,1.0534217253657685,0.9644145334374612,0.7974927613732411,0.57733182183115,0.33222395880008965,0.08698756905642786,-0.136099581334845,-0.3249553868435635,-0.4641735333109302,-0.5484420520260773,-0.5762628062975349,-0.55651229774166,-0.49783509423017297,-0.4150633519076449,-0.3213988769409897,-0.23076165409983934,-0.15111274970141586,-0.08385023699944345,-0.023446345623685576,0.031525661116836634,0.08514335261008903,-271.4297
11.125464,0.010000011,7.2274923,0.010000011,0.20331109,-1.0792261980206785,-0.5705693595902546,-0.07566246270952924,0.379247335675481,0.7605496647518791,1.0360530233702308,1.179789497775402,1.180237033786363,1.0373213613232348,0.765147171156243,0.3872460563284238,-0.06821514214956048,-0.5731006306654887,-1.10544953260917,-1.6500325520568693,-2.197393699309142,-2.7429832546849826,-3.285427148781718,-3.8261844783069097,-4.367850047987611,-4.912161564829984,-5.461418960413907,-6.01742183791815,-6.582155329566158,-7.154726177925837,-7.733506359905877,-8.316910447727448,-8.90436725531563,-9.495900260347078,-10.089732245126573,-90.29639
4.373639,1.648973,0.34310824,3.462507,1.1699426,-2.847406549605662,-2.511912370244265,-2.177431199080889,-1.8464025226749714,-1.5223816277714297,-1.209913797448026,-0.9131766893568579,-0.6343032195940248,-0.37431820868219556,-0.1337791283966396,0.08477758066221827,0.2773240157764091,0.4402295926960059,0.5705331215040486,0.6661723367009773,0.7255515722585633,0.7482272500782573,0.7375587343418881,0.6982787614669049,0.6360431169709334,0.5554045681599996,0.4610185231727829,0.35717051662068483,0.24548884497924195,0.1257320948047939,-0.001867737726059217,-0.13422132656775407,-0.2670731477937093,-0.397865397045998,-0.5270382248367106,-362.5355
7.674485,0.37906516,3.3646798,0.3992886,0.5954253,0.6301770716399495,0.6665960493015416,0.70220315919763,0.7379483810513688,0.7711087625577684,0.8032708602469149,0.8321774574972567,0.8579089799412691,0.8793963538784153,0.8969798178622208,0.9127426851398713,0.9274922903792872,0.9421582212796661,0.9561432174826556,0.9687193891832634,0.9811085808327273,0.9930455085567265,1.007381008617631,1.0216980113828187,1.0365485080045316,1.0485445202134969,1.0585251874852268,1.0645611953856293,1.067284714324654,1.0661885714658534,1.0636252931662296,1.0603676089191376,1.0558004958180314,1.0486855351567574,1.0393666523706258,-648.7966
7.1525593,0.3196794,2.7778444,0.73298216,0.37963036,12.235047967217087,12.224605117289299,12.21377048641681,12.199963019748589,12.176659132078449,12.14067185146044,12.089842945473523,12.029265293615738,11.960869669161301,11.886441077751654,11.808528294133747,11.732948428945024,11.66644008380795,11.61240315017633,11.571586531501168,11.54310698261386,11.528499368057075,11.524584715994584,11.53334217515946,11.5522087244415,11.579849533921966,11.610276295001086,11.63554822756376,11.652361257062102,11.657894061249108,11.653333236835882,11.636521567191359,11.61211049149411,11.584294064558918,11.557853877694503,-1768.0923
20.882616,0.21041515,5.856828,2.4126391,0.41322187,-1.7817992917935115,-1.184839074863601,-0.6167005117912087,-0.1198287993407531,0.26984565043563885,0.5477704264640284,0.7161843408069931,0.7799896630865918,0.7446441719177136,0.6081851834108878,0.3829505481738231,0.07726092630083717,-0.29035117608326017,-0.689310453094774,-1.0749588356466449,-1.400761349442495,-1.6136967826511588,-1.6661262292184136,-1.5195625754526796,-1.1455110360006933,-0.5197865674254063,0.34345912483449326,1.4199313336217536,2.66827310956459,4.057119461612264,5.561146295003233,7.1498257964077,8.798858624932572,10.497614673938202,12.219633967415323,-482.46423
1.8147502,0.02574991,1.2558444,0.010000011,0.43601757,1.0331222244852445,1.0619015371236977,1.0894377787181315,1.1144017963929147,1.1351247668268198,1.1516275702311103,1.1628122171019142,1.169729914096209,1.1714802217937217,1.1699801770882825,1.1648442526655836,1.1561822772666266,1.1428613240281735,1.1259972347183218,1.107987725067938,1.0938681959345662,1.085043672499276,1.0836652270996945,1.089122238759032,1.101659312692874,1.1222551921693993,1.1489058510686205,1.1813272344148358,1.2166031898211405,1.2532410293720997,1.2895453557282746,1.3240660217613616,1.3565587149989464,1.3875174668199142,1.4177299906210588,-871.80634
21.462029,0.010000011,2.3546643,14.840873,0.034678128,0.5635597446659149,0.5643451966527292,1.5435835872173547,0.7884845490800246,1.9376058585692675,2.059224003322069,1.6543640928527306,0.3385675970216894,0.9396983064595748,0.9599490757163753,2.8718227530915437,4.290737447519147,5.325292498505397,6.01655440161191,6.418859371806699,6.567428257487316,6.470654946561938,6.086542121498576,5.36311832441785,4.249313468550182,2.6931889997624445,1.4208036857956143,1.8861506901723508,2.145571959332699,0.8775658303757254,2.3798405275302974,2.5100736552993133,1.860054245021304,-1.190504294502337,-4.21284224964186,-1982.4092
3.6492527,0.3225848,1.0367918,0.29168612,0.587795,1.9079230188524685,1.8198702246408767,1.7330040873221557,1.6497818310301882,1.5717276237942652,1.5006775936298486,1.437480621870194,1.3820375774162907,1.3331911492955304,1.2894004133143186,1.247600509966335,1.2064686758355838,1.1652804394197473,1.124817307279177,1.0858473262090742,1.047841316270853,1.0108643739365408,0.976115779342753,0.9447500569680878,0.9176413184333654,0.8945580633266688,0.8762478790433402,0.8632370576423433,0.8556565685703412,0.8510806352862899,0.8473742221016306,0.8414959347351181,0.8316804327957135,0.8173484908687516,0.8002571402663965,-383.13354
15.208296,0.30133682,12.430165,0.010000011,0.064409815,0.039115077841713364,0.24748926828888948,-0.17055193099319318,-1.0868321513454111,-1.4838391311856425,-0.7836883766052598,0.44013778973773815,1.318036119030196,1.5821390598725544,1.3349051204682265,0.775487112440808,0.11875993271222827,-0.4595619371417245,-0.8699517855472689,-1.0971097426117618,-1.1264014940547,-0.9191585306835036,-0.623717719009017,-0.6716141172507697,-0.7900266215561205,-0.447265838105799,-0.3843169202750743,-1.0047960666429592,-1.7256061678997043,-2.0399151745631716,-1.7392498124612938,-0.8025115716749286,0.601318156792798,2.207814441882127,3.8532047042548383,-182.63016
0.33830526,8.1380005,0.010000011,7.437993,1.3020815,0.6551001098324304,0.6838198294438225,0.7129841758062164,0.7403672307847187,0.7627393983799838,0.7780107244181859,0.7851037357659337,0.7829964060921145,0.770463167381737,0.7466520709717425,0.7107895737384221,0.6619572407127603,0.5990171034635334,0.5206835128368699,0.4255827604287021,0.3123499385894683,0.17978697720727074,0.028471975145012023,-0.139718593098739,-0.32250846482381806,-0.5180723872975086,-0.7245821215075285,-0.9397643097302113,-1.1611100709267785,-1.3868819152734104,-1.6161809978982704,-1.8481999456857539,-2.0821319462421903,-2.3174416392172543,-2.553823384641994,-111.956924
3.4169543,8.461595,0.7704398,0.010000011,0.07275597,0.3433766186629595,0.6449488625711339,0.8589401452862341,0.8549334604787826,0.6325501758712162,0.3644138847810533,0.2255559859376693,0.23780412201425075,0.2948434137203421,0.307592765884827,0.28769041506573007,0.3159475670045958,0.4582460615499473,0.6866232605658724,0.8695474486916439,0.8830485512349247,0.7440019854259448,0.5864083509009391,0.5343832617266978,0.6304092593583642,0.8315286973512024,1.0054497686650887,0.9773476320939405,0.6865636603889146,0.2837949569518121,-0.008204266465758009,-0.0969965900465475,0.004544554116914478,0.3414229280197411,0.8698572252250042,-162.78203
7.9186506,0.6659223,3.3209565,0.759826,0.9750121,4.363978470597275,4.46933874973418,4.571591284069665,4.66291770201943,4.731481593549422,4.766198751941045,4.76487372938829,4.737161825481223,4.690710678204042,4.6357709189188485,4.579919199332324,4.527658687607116,4.479081031568921,4.438003608497982,4.400136459236764,4.361748242011749,4.319362646563904,4.271830359669984,4.217308917466757,4.162635205904564,4.117161375729472,4.093772993737267,4.106978772898233,4.16468409761646,4.262838881924749,4.3917464197666645,4.539897594428399,4.699501999879046,4.866611464954296,5.036452717809957,-4291.0967
6.113579,2.9938455,2.8603818,0.010000011,0.09552736,0.18651779355962045,-0.0991049212517335,-0.37283921610773363,-0.5752578662265504,-0.6153254870847715,-0.4675164217115413,-0.22154925061259437,-0.0011554713961458563,0.133003000092721,0.19048484686816694,0.20184038388756262,0.18175283256404157,0.12728383764784038,0.04665488835247144,-0.013638596503280863,0.025373724903036663,0.2304413938842999,0.5964538896822079,1.0214580881323063,1.360855699952897,1.514102506495019,1.4620538932502447,1.2449317920189495,0.9198757439161498,0.5194006689776448,0.031906978096508394,-0.5715002363075812,-1.2885018308385938,-2.0781150781672104,-2.8931334654094,-154.56357
3.0581417,0.31538722,2.3672295,0.29673806,0.35260186,1.8469083599946843,1.7719644544366435,1.70001875409204,1.636002336301811,1.5804842155869676,1.5309022128281669,1.4848525397322176,1.4393397023556416,1.3957820083086463,1.351801180562067,1.3107279079749146,1.2742647053491543,1.2449298465121452,1.218560808924123,1.1945270813802842,1.1738828806130979,1.1623827853766704,1.1609088873905977,1.1692207718972838,1.1846059220204017,1.2070107024676668,1.2336094549791088,1.2629249314469653,1.2905177840011133,1.3178345935521856,1.345057591587942,1.3747735935670122,1.40637096358105,1.438788666827698,1.4714185318817636,-1138.0939
21.507769,4.566226,1.3116217,5.5792556,0.04165417,0.3438800952955909,-0.018042358798208407,-0.09248099714982001,0.009724031891811494,0.09494523272034637,0.33803356524338823,0.5146856281690233,0.47874939861526505,0.6019204346872374,0.6883675463307818,0.13735137939945072,-0.2680071929641605,0.14365694745892835,0.4417117605010959,0.3668318595418193,0.5597522619130443,1.160370194154924,1.4187326441221664,1.2268226112245866,0.9817140503238708,0.9546846839054067,0.8753911462642177,0.34998054719863586,0.018272787702517865,0.16800873638865377,0.17560779946648605,0.023319872802926807,0.2829382165785084,0.9796329095340781,1.8703998582789003,-179.39003
7.174518,9.037021,0.33508953,1.4663976,0.84444714,-2.153552064287852,-1.5128142556190958,-0.8858227617752821,-0.29669633402414974,0.2271694749544778,0.6628779968294158,0.9891881243350471,1.192631417831573,1.2659733727838807,1.213032627776137,1.0516965119434383,0.8083584308718968,0.5119521448676013,0.19026331976268449,-0.12472094922710247,-0.40930590507480924,-0.6417026255046289,-0.8129193855841685,-0.9165689546039752,-0.9459075212900266,-0.9005744547490062,-0.7856724922807047,-0.6097848198578215,-0.3807741130606654,-0.11139271500182694,0.18815804353749585,0.5028455459691031,0.825444880214405,1.1511539231818502,1.4779208376644015,-255.13686
4.0967703,1.6154634,6.324001,0.1827308,0.30184233,-1.3056788020273946,-1.0402425519667422,-0.7686810961262776,-0.48658317122304734,-0.18686075923426793,0.13264367166343705,0.4717516985561956,0.8236995258179177,1.1791661721325812,1.5249913299024875,1.8485115557743954,2.138587775997078,2.3863757627637265,2.584785720285039,2.7311252620066515,2.8250981107699635,2.8680509183663836,2.8631688782325218,2.813356131572449,2.7226164275809044,2.596461369244522,2.4388735650854696,2.2528519789252015,2.040438347804809,1.8039749477383569,1.5471192996809193,1.2767349709051732,0.9974189608970114,0.7140489241393051,0.42911824950110944,-255.4474
3.2314477,0.010000011,6.7672935,0.010000011,1.7288086,4.373925324008425,3.987083366345422,3.601212694085889,3.217840560611162,2.8390072753765945,2.4671896003452316,2.1045866226825662,1.7527650538325237,1.4121589786863464,1.0828088809197525,0.7647956345237764,0.45792606738233416,0.16269710617064745,-0.12149515003472547,-0.3947618006042696,-0.658834538656461,-0.9145522256999937,-1.1631224595610952,-1.4051751506442824,-1.64163904646056,-1.8737437097809386,-2.1020168064539964,-2.3275929804616386,-2.55134506318613,-2.774617263954183,-2.9977792670377283,-3.2202963212033286,-3.4420287467653345,-3.662906805685005,-3.8836152955908565,-102.61863
11.404341,0.010000011,7.134325,0.010000011,0.09263308,-0.9620398323710708,-0.0899555300042766,0.3341030314085933,0.05128390576835589,-0.6985018637619168,-1.5173603934755966,-2.1671571167354755,-2.5614649628006525,-2.6685421759586503,-2.4694190156076377,-1.9529547768492337,-1.1432997047919005,-0.1535389986797118,0.8029360925568828,1.5064178145919949,1.8387914341443532,1.7905162975472027,1.4099291336451105,0.7762134667084297,-0.013663741752582323,-0.8697410232212556,-1.7383393313633204,-2.59863510808768,-3.447316747148108,-4.2845998123555376,-5.113112553550608,-5.934764484931819,-6.752543454034854,-7.567750532930601,-8.381742800610764,-160.84897
16.916134,0.010000011,2.3554962,0.6110015,0.08159562,12.567399713200295,11.52520724255434,10.483533863294534,9.44271662774107,8.40271554915892,7.364290448742081,6.328663484889558,5.297462900327432,4.272076685833469,3.2548318569935315,2.253435151617847,1.3028706424688365,0.5120952186878637,0.05668283984696627,0.0010050815619229892,0.11226313490210786,0.023615943193990508,-0.37692393941017666,-0.8381983252955203,-1.0172865894081635,-0.7837309009408914,-0.3068169617299743,0.09408947589992789,0.18921572503901007,-0.035652401948533176,-0.4621509997261265,-0.9809288345982695,-1.5370117100498843,-2.1068458129306626,-2.680535163228481,-135.35649
1.6819147,0.010000011,0.388749,0.010000011,0.26041314,2.2808368816558127,2.290070023315551,2.299379986937255,2.3087436541980115,2.3187254837789384,2.3289896026397208,2.339450368355322,2.349441729550107,2.358454714522683,2.365618665901891,2.3700317761224783,2.3716403361185145,2.371046070283105,2.3690478418117475,2.3653809070155916,2.359088957736569,2.349531119896529,2.336687264376656,2.3209781019219533,2.3021240225678627,2.279590793497825,2.252960329933648,2.222116697835157,2.187632031882665,2.1500847844841062,2.110730863252424,2.0704941001127817,2.0299412663347285,1.989161809368362,1.948174497654339,-258.79904
2.0633655,1.7607474,11.77595,0.010000011,0.113977954,-1.2243624470657746,-0.43940359532774115,0.3257365566384026,1.0334760135003958,1.6401290214890551,2.108784953677368,2.416207470148851,2.549730354540329,2.501572435178292,2.265540495252543,1.8374951558760477,1.2233170560872728,0.46039430926683195,-0.3569041765719647,-1.076962254138743,-1.5461326837830076,-1.6820526962835791,-1.5089110209056098,-1.1352569337423182,-0.7057478462607836,-0.3505960121884175,-0.14498174447540654,-0.09140712001481298,-0.13943916316217037,-0.21210728129175377,-0.2131177423352321,-0.03295710103933019,0.3960045597202625,1.0391861917342795,1.780591235335026,-152.74695
7.3201375,2.2013433,5.65609,0.010000011,0.13488205,-0.9575763806471895,-0.585533484876895,-0.23726909355219855,0.0820103714461287,0.3855912695454478,0.6667394116448643,0.8750348316007645,0.9469515559397168,0.8601094160904383,0.6596864722163313,0.43269031292714255,0.2489195649899821,0.11296717527954378,-0.03394192551311091,-0.25716309432639417,-0.561365787531414,-0.8683179357412146,-1.058134388426402,-1.0414625193500437,-0.8082811978023606,-0.42314726648387013,0.01823503222968938,0.42886446732272343,0.7396215152660223,0.8962205797348753,0.8644171257685334,0.6435958649856223,0.26877967539099246,-0.20237473200887818,-0.7109788249706929,-101.21225
12.538138,0.121559866,3.060267,0.33255857,0.12535949,-10.69859062373637,-8.281033474854027,-5.870672077677335,-3.488837749237126,-1.182837721042667,0.9675504525089184,2.8672893434288227,4.435257200990374,5.623256673103697,6.415810544603345,6.817941888553198,6.842699399410347,6.50445136920441,5.820727996187178,4.815064620907801,3.5291216463908093,2.057124603912565,0.5928151709814766,-0.5639078713394698,-1.1063463021419468,-0.9000032602746676,-0.1191493982332773,0.7818362548373671,1.2767440080591492,1.0298613848805127,0.024160289089952852,-1.5247603534822078,-3.3573429368299146,-5.294353613167122,-7.253071615371029,-684.65137
4.3234377,0.18937668,3.993651,0.010000011,0.75049657,7.185220948097739,7.234322559029715,7.281772403012265,7.331485481491143,7.3861682443613565,7.429483757712879,7.447087245622262,7.438579634059036,7.399390505254232,7.324134688329555,7.204219139219732,7.023837225752275,6.752311061518241,6.39036961432694,5.9289988135925515,5.372384229714364,4.708986669998003,3.9524152032356765,3.112396469413365,2.195439108001808,1.2058389952700723,0.16173197356739813,-0.9144101727505871,-2.0054945166360034,-3.1081635817688826,-4.222768981680412,-5.363769977125122,-6.533386007030694,-7.735680483926493,-8.949958606824021,-661.7906
14.904701,7.02252,9.062302,0.010000011,0.060246445,-0.871630586435085,-0.3735969541145822,-0.10638121115531012,-0.12291652308008444,-0.21392802386752482,-0.19231010337286977,-0.035069905978461706,0.25532321162234206,0.5629513997811212,0.6657901950932759,0.5188726955828682,0.27046722008619667,0.11285450616604657,0.11131428046621018,0.18633023964899964,0.26642951767156886,0.3517633719428679,0.45834160326981155,0.6143348165655944,0.843262232209373,1.1271402115637337,1.4342371057196535,1.7089152915087287,1.8588963767889106,1.797300165015963,1.5058659286115454,1.0842869843978817,0.7204612979695963,0.5494831279015417,0.509445081810446,-230.17451
12.0870075,8.08335,2.0310056,8.08649,0.05606003,0.7136234416282191,0.2320290951819724,-0.17910443352835886,-0.19871159497433286,0.0849418100258082,0.046069867772638516,-0.46018347497530204,-1.1908545295764574,-1.6947728803421462,-1.3934643298158185,-0.18780947770996098,0.7335219373400874,0.4029326137432165,0.013220224715187842,0.20027411987777957,0.36313099873375293,0.4557842369765683,0.5228014438898742,0.6743878348981962,1.1393990563837892,1.4891846191192366,1.051399328744218,0.23131493797798724,0.020728953551995086,0.6414095178781454,1.6742176200382959,2.800795639472199,3.939801200829343,5.084568592591427,6.233146273992316,-153.95364
0.34257606,8.476683,0.41896975,4.2658153,0.30723792,-13.64728682175843,-13.623278583083795,-13.599266366324768,-13.573538332391397,-13.546736708701566,-13.5170220534895,-13.487491679344089,-13.454590560501307,-13.41785683492995,-13.374493495234544,-13.32605614760323,-13.27347250462455,-13.219381613059044,-13.16492668154112,-13.112433284590352,-13.061085383748962,-13.008571237978478,-12.954773913902162,-12.902019393505295,-12.85438289166433,-12.812017151103637,-12.774033930971905,-12.740430006913757,-12.71310340561714,-12.694590722581218,-12.68426152020387,-12.680970589779,-12.68258500261578,-12.686268090664875,-12.691071252076602,-624.0036
10.7502575,0.016212765,6.738019,0.010000011,0.6066516,-1.6846336085347768,-1.3973742170441619,-1.1094486739089464,-0.8219193239312531,-0.5363065602222133,-0.2549200852705619,0.018100071096919773,0.2779839589109981,0.5220775245369301,0.7488349645070161,0.9559961493486241,1.1375846662282691,1.2916183229436307,1.4163392439272404,1.5146133520623732,1.587283255893444,1.6362179084032042,1.6622139238556093,1.6637567082076088,1.6408766064816336,1.594110771677459,1.5286388625018414,1.4476618634532665,1.3547193077814565,1.254135676481176,1.1516095038234262,1.0490387877126803,0.9462964652871739,0.8430632824205876,0.7402989156612372,-140.78537
3.436757,0.5395699,6.080369,1.0934417,1.0618961,3.2309112529005746,2.8919139223717236,2.555303338266724,2.223071036244134,1.8964384836791233,1.5762934165820945,1.2647877277788315,0.9643384679635828,0.6771177791879955,0.403769869192182,0.1447708255355774,-0.10028279738985178,-0.33127296727669264,-0.548824865576219,-0.7530361416059458,-0.9440560033043567,-1.1222937363585637,-1.2887636145634271,-1.4454186945821794,-1.5938746705937499,-1.7356292061260543,-1.8716366490279854,-2.0035292087424605,-2.132332937250042,-2.2588808579357447,-2.3829415103499083,-2.50506180303437,-2.6265582761369077,-2.748730590985648,-2.871765915834868,-205.64073
3.1980717,25.239523,7.237199,3.7311077,0.42688128,-0.8671640809820579,-0.4009917351942323,0.03218959057406701,0.3876555007750515,0.6198107988444885,0.6964747344330278,0.6297028710328415,0.44394059320871926,0.17488488794928914,-0.13850854582238958,-0.45976102774052463,-0.7561731039006319,-0.9932554283964321,-1.1491617510121006,-1.218586979550443,-1.2144400968540026,-1.1550942236607868,-1.0570078960224505,-0.9481524968361488,-0.8453376353326596,-0.7604682854656452,-0.7012631725329543,-0.6808505531845123,-0.7021332407693476,-0.7624995219501128,-0.866273259916757,-0.9955161290289355,-1.1441390979097188,-1.3029756513319075,-1.4721782409633397,-894.7969
14.638083,0.28065413,3.369812,0.29808757,0.2936324,4.201125657408043,4.035848689321168,3.878942080209863,3.7375552518089923,3.615357497277782,3.5124375365938447,3.431416261024227,3.3680826035640954,3.319155483625499,3.2756994109185427,3.2368638946160444,3.199007494884642,3.1614849371107936,3.1202105960968516,3.078769459073655,3.0446284135714516,3.0269741572098536,3.028785279905198,3.047301586665538,3.0796826965355875,3.121869256207866,3.173283198617894,3.2290640123726466,3.2899395306475436,3.355590829018275,3.4294585741191064,3.5115431794252046,3.59978654003494,3.691441766805343,3.7838776701949834,-5068.649
0.010000011,0.010000011,1.2206324,1.352339,0.30399966,5.908308696974094,5.783507181812166,5.6584868347035115,5.534268690418092,5.4057400851102,5.2711412608553,5.1255376676146955,4.965762614716541,4.7864403745190245,4.5817962765869495,4.345545727797449,4.075018691940448,3.7655975224935347,3.4136286855397064,3.0157953962290476,2.5713567129387975,2.0852930009741217,1.5593146650593988,0.9925214309780281,0.3828774476323068,-0.2705137543335402,-0.961398763814779,-1.6839894786238045,-2.433241218498006,-3.2035099046454314,-3.9912170793000805,-4.789694640687373,-5.595406046885692,-6.405331877022649,-7.216939551714498,-678.7468
0.7165653,0.22297034,2.443591,0.14749989,0.14895566,4.1721430052891435,4.158099634935349,4.144498943744584,4.1327462776687325,4.125556399794632,4.123907029333168,4.125376740977169,4.126165985217092,4.122337179831552,4.111904988863195,4.094347788042747,4.06930600343866,4.037620742710423,4.00294085594259,3.970474955337366,3.944774666777413,3.927488904063192,3.9163814181090624,3.9102575592702795,3.9076300556900043,3.9072222736160382,3.9064134051615684,3.9030665707142087,3.8950500374614077,3.882730904330363,3.8630570226637135,3.8364865379711404,3.80423809533372,3.7699161191324717,3.7358948185723166,nan
3.6326385,1.0885227,1.6316265,1.284671,0.8348541,19.3611220066323,17.013199528950068,14.682328861002201,12.359206397774003,10.055552599269806,7.7825424722657415,5.567394661096254,3.4367539176157442,1.38838867026132,-0.5593815342804257,-2.400431754265136,-4.1571394920916935,-5.847872969835096,-7.490388568741521,-9.074764901264048,-10.585745076331692,-11.995430750167982,-13.260282848405978,-14.368990717643007,-15.336482904660631,-16.16587773702894,-16.8585915894571,-17.43926253282607,-17.950384843588218,-18.422191943491875,-18.855261261160685,-19.259873449050186,-19.651192947083768,-20.02926483270332,-20.39815353253883,-769.28906
22.218273,20.54849,3.1413116,11.704614,0.035402596,0.6422596332258012,1.0600981845378594,0.5069353500570374,0.7565376318479307,0.4656361790174572,0.7644914475186475,1.65492386213821,1.6838028968162269,2.3727870540982106,1.9741946448040018,1.8298616071601395,0.8525243567333621,1.394112434025929,1.405117544032096,1.6720163495897127,4.025547042066587,5.91399711998909,7.399624470972185,8.501849404763957,9.226119359979512,9.569047293804692,9.52959926534859,9.133216660526195,8.399178212098162,7.334770305149513,5.9629197862318915,4.2995181644666545,2.645438615930232,0.8917719870603128,-1.0848862122362373,-833.06976
1.0068681,0.010000011,8.355416,7.8272705,0.056955114,-1.02392427230034,0.13278543431155265,0.8577982753284458,0.8638072022512209,0.5280008952509038,0.3732686155033461,0.45807032393710395,0.4837262508352319,0.13331336543380032,-0.6484836449197316,-1.5700447882353143,-2.3248354321741846,-2.8571793404005583,-3.2073865207917076,-3.4050179274785886,-3.464389106459098,-3.3946280921566494,-3.2022441518675206,-2.8918711255746774,-2.4665553840356513,-1.9318271683663677,-1.314938621059111,-0.687178502205552,-0.14816872020666313,0.24052526523375142,0.4907856787723391,0.658232419886835,0.8079397356326437,0.9932577781237688,1.217066059329367,-112.355896
9.32796,0.010000011,1.3876431,0.010000011,0.18184246,0.8898491297113469,0.26082414871505555,-0.38836205775097166,-1.0464022447776533,-1.648863263041516,-2.0972394845812037,-2.288770037435544,-2.1612084067557356,-1.6989470623667287,-0.9444436864392652,0.022591836083071772,1.10290284926179,2.190083494679648,3.192904222013514,4.040455723110676,4.680083527125836,5.077948035819227,5.21321205419152,5.080008777241909,4.679600716578094,4.017671263723901,3.11008462062633,1.9854761265565022,0.68527330921512,-0.7480653622276557,-2.268151437556844,-3.839260891388137,-5.433876527439428,-7.037984417802963,-8.644036856175711,-456.68442
7.8243313,0.010000011,10.407379,0.21082202,0.18907973,2.656099074783245,1.819917071243282,0.9970879941925733,0.21574518181713767,-0.4874043154581603,-1.0729262473593293,-1.5087518323391687,-1.7764765198940016,-1.8735918101847586,-1.8138830550793976,-1.622556933048649,-1.3296425952935096,-0.9654706535944275,-0.5564186586055675,-0.12817322680393406,0.28908110010078913,0.6552704581910668,0.918476352378929,1.0245712346753653,0.9325382786525284,0.6289362859665458,0.13145414198101846,-0.520209268932034,-1.279828140128288,-2.105050317603618,-2.964377680507285,-3.838093885213755,-4.715894068663651,-5.595481362289188,-6.475349735227139,-148.53992
11.620476,1.4773325,3.5828643,0.010000011,1.3838407,-6.910111825625831,-5.811879929318299,-4.718568152531446,-3.6505997832053896,-2.6387350168583836,-1.7087171719777026,-0.8804593465418543,-0.16970867164652417,0.42728910784713714,0.9168104794734014,1.3110161449677533,1.625386584489585,1.87797788622429,2.070999941383286,2.20035274088598,2.2763685006500514,2.312021110429158,2.312959433241969,2.277036430856162,2.2009926059644394,2.083590006529454,1.9276271242023368,1.7335123106296122,1.5022563920571113,1.2405366463253082,0.9516498105874855,0.6579414811896209,0.36731441407150345,0.07223373819721768,-0.22767941499479544,-799.04834
2.0086727,0.010000011,3.39416,14.1584015,3.555115,2.7818996314360804,2.7191015823796434,2.6456021101622187,2.552648685823867,2.4452998709765064,2.3293751316279185,2.206175054796077,2.08740139801569,1.9790489076785884,1.8671222360130784,1.741788437159684,1.5943936901481415,1.4352507157859262,1.2631877590011662,1.0658292281295096,0.8295518799022659,0.5412277838580917,0.21012845546863118,-0.15820034980753112,-0.5606855839859743,-0.9891123723360334,-1.4345232461434343,-1.8801412536540945,-2.311558197358211,-2.7272102968407133,-3.118088124285319,-3.489429795521113,-3.8561496750826665,-4.227009006686314,-4.593549425312039,-957.3395
7.3520303,0.010000011,4.1539655,2.4570513,0.07653515,0.24808424937617063,-0.6095583707637426,-1.3220991521320726,-1.658373774473464,-1.5213147702045025,-1.0778143591032066,-0.6538949773993107,-0.47745630402275974,-0.52640597618307,-0.6507486819597729,-0.7273884208247964,-0.6540573213257115,-0.34845561118809515,0.15316587355707062,0.6050309910278684,0.6741295092978579,0.2886983561207026,-0.26396875149724597,-0.6368295508917905,-0.7157006748369238,-0.6172150995261301,-0.4952900400601281,-0.40297817699081895,-0.3013955824579269,-0.1865048544165957,-0.17548265283362305,-0.4115994027205506,-0.9091558168858259,-1.5634417611384854,-2.2671074129118773,-96.74553
7.7148595,0.51132345,2.1973963,2.0445971,0.9373245,12.623139035318069,12.189808129218392,11.756701959999095,11.320689888913574,10.869413781845092,10.392812218754425,9.877085056910095,9.311021479879917,8.689840815012841,8.007967595817153,7.280763204599209,6.516318699990052,5.721522551395187,4.901259474615642,4.066885371196628,3.2293297360988755,2.3931107195667223,1.5613776318714048,0.7422033678190777,-0.06175632604931926,-0.8502744471650479,-1.632720150558239,-2.4082817541003485,-3.181992765666665,-3.9498258822957135,-4.710886140344512,-5.468871110109829,-6.227196916191582,-6.9894327581745435,-7.756200757325151,-394.62894
13.650924,0.46862125,0.0323617,1.3042654,3.3216817,-1.885509628380675,-1.8219369232190321,-1.7536281683238033,-1.672724694858189,-1.5805323669010338,-1.4881769272499712,-1.3947749814606196,-1.3000734645772658,-1.1953540355903538,-1.0930648415818782,-0.9925865803638333,-0.8971459785132768,-0.7911364429233271,-0.6696692570231724,-0.5145103772268113,-0.3318540845456747,-0.12593583893754104,0.09202851452439366,0.3103197844045925,0.5239517967462171,0.7293281813519228,0.9317774282853251,1.1449537930373292,1.3600307838037131,1.571841750034665,1.8034022241987013,2.0599768738064155,2.3343265984007764,2.620556894636565,2.907319848135054,-677.3342
5.667964,0.052015144,5.0289097,0.15129936,0.22646968,-4.217057303865635,-2.408175487258588,-0.6022533178748068,1.1651348342173276,2.877319899190539,4.501853290997635,6.014380902117732,7.407261336528734,8.67001209485954,9.805777240939442,10.81072375231816,11.665910611168357,12.364056098374707,12.887870338538477,13.231572517436385,13.377527581179566,13.311611613242125,13.024795682903514,12.520725151376919,11.789662303656227,10.828118925727445,9.649306139731072,8.265983441848832,6.705445623186393,4.97613398444038,3.0954832093900944,1.0934946494111768,-0.9939814704633562,-3.129257565688885,-5.2847262515518,-633.6071
23.676184,1.917336,5.2679896,1.4058598,1.4881166,3.563879754462586,3.0377997007367883,2.4968551046801783,1.9392270558823232,1.3736590190925504,0.7901413833057266,0.21044881923187256,-0.33848192789311154,-0.8512997286062665,-1.3178128596977792,-1.7133291854578891,-2.0419797475189623,-2.2769848992370765,-2.427584274856101,-2.485178682879925,-2.429947704640626,-2.2740635806232987,-2.034613261465424,-1.7205468257843672,-1.3772584062340927,-1.0152557614430913,-0.6279909233798701,-0.20119437857660016,0.2595448885634238,0.7740259399131676,1.366650001718286,2.04949432071598,2.814897121687589,3.640770699543871,4.502626323673595,-1210.186
28.71861,0.010000011,5.589094,2.2145486,0.06500595,-3.6642256843652485,-2.515807485686827,-1.39956733333379,-0.6177929523069238,-0.5597657269359105,-0.9340064029361773,-1.0060562884429711,-0.7263930800409825,-0.6788085075333653,-0.6909277933524663,0.04729408164440683,1.4116040737979567,2.7985555965799187,3.9869918081215614,4.952990419348382,5.69676189011334,6.223282414531687,6.5483416324512165,6.6973275259936,6.684920238246509,6.521287913335884,6.211251533136242,5.757569695864996,5.157405719705406,4.405841759765919,3.5033544443078393,2.449188138551097,1.2645658944758456,0.04667951799147095,-1.1130251110164484,-313.71146
10.668041,0.29226708,3.406166,0.49496543,0.31518176,13.519933998665142,13.49765876257157,13.478487003826245,13.463336777643686,13.444995202412871,13.42030043718428,13.389285581767313,13.35493158349437,13.317190043746946,13.27537597858113,13.231083760996784,13.184689099947343,13.135902733936794,13.083467426754034,13.031843597829846,12.981309811899312,12.933125947375224,12.879260609306284,12.81839791949378,12.757237229115114,12.703863137147659,12.665635759077603,12.644860608842226,12.646247594946164,12.670769591364607,12.711475912846572,12.760030514865655,12.814024700371014,12.876940644813061,12.94861621835206,-4431.2686
6.2770886,3.8923998,0.010461611,6.0239024,0.07234953,0.5945117236558336,0.2248631160641016,-0.059206445607002,-0.18643951221419983,-0.13656644900465464,0.014225011583618769,0.14167565869756799,0.1937126864055754,0.25794167285878106,0.47982360712439787,0.8563364315643724,1.159787860388897,1.1528082071828722,0.8499771599540032,0.4835411832435353,0.23670700257743094,0.07978884181421154,-0.027238765842805598,-0.012028289575367303,0.11118789802228138,0.24273836251915432,0.3449733892886509,0.48516395405224144,0.7254605658692913,0.9778620312711476,1.0665744058689584,0.9343703195654253,0.6919458101880038,0.459809392951015,0.25591723341818556,-116.86107
1.0124623,0.055941567,8.247242,0.010000011,0.1609708,-2.0443270543793464,-0.8771028171828352,0.19961716675170704,1.0640299346193196,1.6168502781090295,1.8088809222506719,1.647167936021553,1.1880212481893988,0.5202794945157192,-0.2591002083036331,-1.0619878365892346,-1.821070828323487,-2.492613661762614,-3.05978247999546,-3.5230705161108236,-3.8915411254641192,-4.172583301769757,-4.376806542747327,-4.51401803650927,-4.5944258298497775,-4.62338847037282,-4.60903760126243,-4.560203449341977,-4.486416347662979,-4.392059499363388,-4.280283360813298,-4.152710394860221,-4.0129012822317325,-3.864489611486326,-3.7121843670918,-367.30597
5.2654285,0.046345957,2.7841668,0.04590393,0.21352811,0.8656102989010247,0.8210966860320491,0.7517892244228725,0.6718893027888795,0.6156525509218952,0.620558474396524,0.6558967537983427,0.6767926334491977,0.6387198589051819,0.6036562695563831,0.5938800759403956,0.6926635410823603,0.8332342126407449,1.021993686633294,1.213941201298298,1.4233986844269013,1.6364654650380774,1.8214761738091807,1.9281647803687094,1.962239228864524,1.9284087027644274,1.8531264150192068,1.7487266544064837,1.6090763284401821,1.4690067517963816,1.356339323679151,1.2505043829652651,1.1630508216988358,1.0288821636266088,0.8878983367687794,-1402.7472
6.353181,0.010000011,0.43217137,5.411195,0.059649043,-0.3005319200645731,0.15410214298300562,0.5323905366747542,0.6925439458951383,0.580890559593224,0.35664493087669663,0.185568083738332,0.12047266356670348,0.12537843986887381,0.12834240172220665,0.11215329364650573,0.09678950095735683,0.09244065876499402,0.09193027033046144,0.09767141600232372,0.11776856791497108,0.1529779853660922,0.19392674567110024,0.2196740965539277,0.22110421390004042,0.20683522026560094,0.1939279933577957,0.20055781798028394,0.2313480028190565,0.28758988696428184,0.37084712233726,0.48844537209828126,0.6788020529455255,0.9695110130855484,1.3197712167590123,-108.40661
12.127887,0.83607244,2.6270993,3.8725605,3.1172857,-0.019429481972013055,-0.10879117300777799,-0.20560683797937837,-0.3068383180784254,-0.41731267295080177,-0.5313483122915095,-0.6385994964443186,-0.7262883944657395,-0.788700284358991,-0.8264471985310479,-0.833764814008761,-0.8026589074118423,-0.7388366928976925,-0.654485210864073,-0.5533939118519839,-0.4241674417408675,-0.2683558100917987,-0.09656553955328688,0.07416831791958522,0.23963197205813272,0.4038952923162585,0.559728650480564,0.7067510308323874,0.8389461093206818,0.9577366363281397,1.0657140370049512,1.1723774492677512,1.283176544373666,1.3943851932118763,1.5026667688081472,-603.20917
0.010000011,0.07738451,3.1754282,0.16621576,0.15312824,-0.6292378768515045,-0.20294239967655217,0.20201570392950421,0.6132915780665515,0.895720821777964,1.0309702513458117,1.071549514858526,0.9402989247958932,0.7002396784098088,0.43266558636944885,0.2093064035529318,0.15545966803709144,0.18635434877865212,0.30360494731591897,0.49647875317787454,0.7509635997215519,0.9080174896101333,1.0096023881009737,1.0094575386110534,0.9950894881062559,1.0490338077716397,0.9657096315463701,0.945752723363938,0.8590448560455388,0.8672156766388238,0.9444129659329736,0.9849321966706238,0.9319722611044002,0.682485068731814,0.31972905038614263,-1469.0098
4.0983458,3.6883533,7.763659,7.254135,0.185128,-1.967064580694643,-0.8695679125339985,0.21668071297973995,1.2659095219546523,2.224959397158117,3.0574122752052664,3.7061062453981166,4.132937545405982,4.309958669622489,4.198250829406272,3.7932404447259978,3.087595742246884,2.1374192950317026,1.0540167333629697,-0.009024760987490157,-0.8722326316772196,-1.4009383649997165,-1.5251455459947751,-1.2558920657233847,-0.6461304465368124,0.19821109678033727,1.1642879465813754,2.1916265062910694,3.2479170953089356,4.312902352252615,5.361306253954942,6.3908167238841935,7.388694993980349,8.360635827950286,9.327744857501862,-687.17126
16.521143,2.8610897,1.0196044,0.010000011,0.053519588,-3.411793542423909,-2.236418120478076,-1.0548421057762098,-0.15597818905045865,-0.03675996885656321,-0.39758421910568126,-0.27442632751338464,0.5495617055294894,0.6881829454561246,-0.3392064665024742,-1.088209972314145,-1.034205981951897,-0.669843670293856,-0.40740138747317045,-0.42477058073618634,-0.4923350118342603,-0.296364581559542,0.07087267795735477,0.07261721556547902,-0.910049653854997,-1.8757632165565579,-1.806798380159479,-1.1712069609176456,-0.6209597963820117,-0.24110163878561003,-0.008759276968759017,-0.17597799554403853,-0.5737995703161596,-0.9853177091680588,-1.4589509075790186,-250.73506
1.9042119,1.0114428,0.010000011,0.145875,0.8485809,-2.760171235942105,-2.526424292479733,-2.293838535229185,-2.0638215562096285,-1.8382102735165575,-1.6183402061923629,-1.40573197319128,-1.2018503067919761,-1.0083416073930627,-0.8270899412374113,-0.6587297637130776,-0.5023063743407362,-0.35539079687484826,-0.21544146026897285,-0.08154193731016735,0.04675969709936014,0.16940489235764075,0.2868401551951002,0.39881537781842913,0.5044807863680639,0.6036504220436736,0.6972172908605194,0.7874927418388784,0.8759795215210677,0.9635552046333338,1.050120612699127,1.135958544463172,1.2214689456737955,1.3070048126900589,1.3926547873038382,-296.46356
12.240495,0.010000011,4.2929363,17.349007,0.19271009,0.41087671776779816,0.3360334370501175,0.30382896452301217,0.32233145757736026,0.340691979946406,0.2864095853812101,0.12696802528139392,-0.0960803936385138,-0.29237883160921485,-0.38362965786303543,-0.3551061870599991,-0.2549492490584798,-0.15496554843176427,-0.10681898286433417,-0.12593802342207402,-0.19841984907555382,-0.3023907607757025,-0.4235281540421799,-0.5599330677486023,-0.7131593115979247,-0.883520172353654,-1.0682344192104622,-1.2626604308707545,-1.4604291024338003,-1.6570815888242738,-1.8501632974121918,-2.0383672618134914,-2.221318977265773,-2.4003020101642534,-2.5775779712677718,-310.34445
0.048501592,0.2957665,3.7903972,0.010000011,0.47510296,13.368032383012766,12.631024062379224,11.89387788210113,11.154793321909029,10.410474532259286,9.657752976814283,8.894990081421115,8.119856938184375,7.32822023148978,6.515824554779865,5.677935548371594,4.811930672039311,3.9145936736428664,2.9826914550081463,2.016347823714325,1.0178436319634951,-0.00762669239432894,-1.0544404086481545,-2.1177795674882653,-3.190791236554832,-4.265611861643065,-5.334768537674262,-6.392395188402741,-7.436374026355084,-8.466902117589232,-9.485562643118147,-10.496378213737781,-11.503747793583148,-12.510911851888622,-13.519092821193116,-612.9131
0.010000011,0.23001097,0.010000011,0.20510083,0.28110853,1.441833226089831,1.4392123421437821,1.4366775075518967,1.4336587095035698,1.4285200749259725,1.4219971919254142,1.4148767074567792,1.4076886116071434,1.3983737121190738,1.3854101647978596,1.368195472262554,1.3481090214717606,1.3268334168557978,1.3062253727765298,1.2869521119491696,1.2688429865165702,1.2511786983436939,1.2344180248719454,1.2186555478537249,1.2035793340685244,1.1876960535736067,1.1703224759414959,1.1509137718728253,1.1284501072919253,1.1017394186606606,1.0708250677664053,1.0371724022419146,1.0018745430534741,0.9651933809064729,0.9275146600406854,-269.87564
34.12635,0.6898187,8.1558695,0.53086585,0.060516793,-0.8615883908093798,-0.4588153403736492,0.20584740784965522,-0.08697097606704027,-1.362955394409951,-2.6887873554407618,-3.544984976727751,-3.5604557557629466,-2.440753130323142,-0.36536004194976,1.1270234521752636,0.5816602435834363,-0.8043998183948652,-1.0539883938232155,-0.18710936592950503,0.21371893696455974,-0.09038588227866748,-0.44604353405949393,-0.3767741495667179,0.5645711301019571,1.6846443509185662,2.166525959289786,1.9866704187553925,1.370751089853916,0.48761732908971456,-0.35036284712280324,-0.3328638109211319,0.2649771921677464,0.64800155129435,0.7890330138059675,-531.5554
0.07648314,2.3720765,0.010000011,2.653292,0.6375614,-4.9404664648108465,-4.093892652287299,-3.2512583340708185,-2.421295299103307,-1.6125904153068078,-0.8367810204203838,-0.10594705451964528,0.5728766729800079,1.199840937703468,1.7735227519282983,2.2964168408837504,2.7684963857110865,3.1864820160235743,3.549089084656714,3.849862363759658,4.0822284413929015,4.247803928706937,4.34980046208626,4.398415278195642,4.402540079255151,4.369502236205873,4.303972486347351,4.212938271800247,4.099052492210679,3.969148185848081,3.8305937372726744,3.68390503613816,3.5340834370397882,3.383607533675474,3.232731953335001,-220.83856
6.023479,8.286191,11.393157,0.60481167,0.05873254,-4.153673666285662,-2.9509743683716683,-1.7632871029970414,-0.7655393391226027,-0.18355832558725554,0.26498192411534244,0.6006923321136408,0.4442331493347058,0.16918665823855447,0.16140648769413657,0.22413593726586506,0.22054745041529467,0.20065071046299887,0.19278845260663363,0.21864144893199935,0.12390125157068713,-0.21322818996778645,-0.4668950835396141,-0.41179707429082235,-0.3197269736441246,-0.20591557956563666,0.27985365149603814,1.1543752842147297,2.1562751726868545,3.1631753558406497,4.161438867711297,5.152204288366329,6.1391955439198,7.126268941892881,8.114089417268183,-141.15071
1.0686408,0.026657553,2.3797445,0.015905295,0.35371944,1.4581088863108262,1.4743175783543974,1.490368385771176,1.505611185156989,1.5199825313622939,1.533658271576269,1.5455464896858615,1.5546793570827877,1.558230737438394,1.5556656519466754,1.546917016002116,1.531847467466373,1.5109706043306181,1.4842720381075543,1.4547719810409285,1.4238861903148898,1.3936195667083329,1.3642412448791246,1.338904852438055,1.319147384725807,1.3062390937040345,1.29734881671587,1.2922104096814402,1.2927658494223278,1.3016915849170745,1.3200156603292308,1.3447466298394133,1.3739327804839974,1.4058758881066955,1.4393445901203172,-901.6041
0.010000011,0.115503594,0.010000011,0.13507912,0.6167042,0.711218612355504,0.7210511589766991,0.7290727816354122,0.7350057521633345,0.7392250994062814,0.7418813069985184,0.7429221547919755,0.7418544935083021,0.7402686772311233,0.7369520145066965,0.731168429738247,0.723486227996939,0.7156974292567336,0.7119584277645762,0.7123234600454965,0.7182697642208699,0.7299747774144544,0.7483454820018931,0.7729030189342603,0.800662941526484,0.8280670150832863,0.850478215579822,0.8642834668378563,0.8668751645013312,0.8582321291199762,0.8393879518655574,0.8131737211603252,0.7821506181700617,0.7493629221351459,0.716156411227728,-538.4842
0.2726076,0.07620636,0.010000011,0.06011927,0.41211602,0.8243740654555066,0.8560168585964263,0.8893818181332318,0.9271084633089169,0.9682902420750414,1.011117426070723,1.0490063693828655,1.0795541395246964,1.1004292602258452,1.1117117547466906,1.1151005957665652,1.1104904170462542,1.1020246106086375,1.0889109331307858,1.071806618234495,1.0484089026353698,1.0190490934142047,0.985758272974449,0.9510673449579345,0.9186570790618576,0.8912581593345857,0.8725664228816812,0.8643743450481487,0.8675450860634091,0.8835563988223587,0.9111475761976187,0.9514151049947223,0.998453999748541,1.0504715459028522,1.1027208128401365,-485.99115
12.075538,3.6223862,3.2836094,0.012712277,0.8201747,-6.592531626294934,-5.066970531693089,-3.581011246339692,-2.248934941436037,-1.1126424277477627,-0.15502736459940353,0.5643019178131568,1.053338655430767,1.29008660395192,1.2682907359863567,1.1161319304498767,0.9486613484784175,0.8472344774728369,0.9062525128514226,1.1570867715640114,1.5427512845734723,2.059583823665125,2.7294491780414054,3.4768415583197014,4.22579638897733,4.848545492565057,5.243271634238068,5.430333269899445,5.442468250545186,5.282421037855718,4.86381604550511,4.188565869006853,3.315664441538082,2.3114634830061003,1.2799305373983845,-2188.0725
3.1955135,0.010000011,0.49893624,17.15552,1.53367,3.1006697840650017,2.861058916478035,2.62468166461091,2.386054829891283,2.1354811038506942,1.876736697401108,1.6128777634071647,1.3458641986316027,1.0781309924734617,0.8032194394545498,0.5274886214296391,0.25542587571293285,-0.01326347786591028,-0.27813885075025335,-0.5469977910943739,-0.816219117245778,-1.0835845035734548,-1.3456811341918236,-1.593240663024845,-1.8115394186923908,-1.9894424722232191,-2.1369086513439464,-2.2545038682067386,-2.3454013835860708,-2.417051129562782,-2.47093612694013,-2.512635559978644,-2.553468082270696,-2.591840894629552,-2.6257590596063567,-460.47165
3.4847753,1.6959481,9.919157,6.990768,0.12855683,0.7368875815600194,0.797229136234453,0.8070552852630867,0.724166731186379,0.5537978974038288,0.32785325653529374,0.05363877883966023,-0.29405935376790726,-0.7254490347679436,-1.2031001227596498,-1.6577488859574905,-2.0312188098332205,-2.293172100160677,-2.4365449041109644,-2.464450895787211,-2.3812424940335095,-2.193097687787231,-1.9055561474149278,-1.5270441743830012,-1.0636079040490196,-0.5236852741123096,0.08442576725074237,0.7454460317846229,1.4430950803889517,2.1593960622730903,2.883167342691991,3.607248386406485,4.330100512975229,5.051651914222561,5.7728475541588535,-179.98177
0.5642173,0.14890112,1.0364075,0.14329381,0.336799,0.879730458426538,0.9251369438149573,0.9709533583134083,1.0172339255290674,1.063311236531163,1.1082070904724863,1.151129272505622,1.1915627717531612,1.2285510103634438,1.2615986844841964,1.2901868908336795,1.3152544378121114,1.337154374381453,1.3560452302988117,1.3718508833387617,1.3848867535570444,1.395896741891744,1.4051477544582514,1.4120273067189093,1.4168047424711,1.4190014105916102,1.4189633738847094,1.4151347845392301,1.406959633803519,1.3940043054110607,1.3770931148361032,1.3572200594737973,1.3352124839391264,1.311989801576128,1.2882489831855213,-176.22054
0.010000011,0.010000011,3.7009068,0.86653036,0.10331485,-0.9992188974561385,-1.2245801518634716,-1.4030129036322903,-1.5346943778769506,-1.916369706263719,-2.4200206497429217,-3.004256535392306,-3.1950298774983232,-3.127586732894097,-2.6259235060977093,-1.985238164387327,-1.029611136409089,-0.04009898843250888,0.9206136246273205,1.5564105275893725,1.9531841503843959,2.0746125341820996,2.113886416033869,1.9015024636171223,1.7868188952972113,1.6798356535268593,1.9214536026464961,2.0309428324273293,2.0252692684959706,1.8677562633027063,1.7901174580329027,1.7895405564431293,1.1702810941952826,-0.25113717549063896,-2.3774156738166448,-965.77545
0.010000011,0.018806012,3.9638677,13.151823,0.09945755,4.270875462023361,1.2174821228329693,-1.4427067144532864,-3.2445489701680934,-3.940445824034817,-3.5046208757931505,-2.07638866583321,-0.02793210561968878,1.9970712200112422,3.2958342291712013,3.438208236717144,2.428331632946621,0.7479577349695016,-0.6990743516533955,-1.0397463118875745,-0.11083841621119427,1.476097885910151,2.9878660962134846,4.0471486791387115,4.583414451667122,4.639874311401644,4.286489926939968,3.596856080208777,2.6416621978566184,1.494371519142574,0.2301082084769671,-1.0851784039001497,-2.412479328846993,-3.7376967586941556,-5.060946097053263,-1025.5055
6.321543,0.5678257,2.973162,0.55542874,0.78607655,1.7902888132470227,1.700743332497214,1.6113598614835374,1.5257164308870732,1.4496339095154864,1.3845933449266516,1.3290075267666586,1.2757359496781329,1.223931160474633,1.1718484860808471,1.1223671010474876,1.0784745509084028,1.0438032747188013,1.0307303788076154,1.0471770602233315,1.094601746964727,1.1594982487852412,1.2226644341530921,1.2757531129352682,1.3127158304190978,1.333126875459719,1.327075436916938,1.2910017188052958,1.2255134432077557,1.137056191905013,1.0301979570093607,0.9086968217159811,0.774460202383218,0.632825300492355,0.4873487403908992,-2426.0146
21.691973,0.0735225,16.236961,0.010000011,0.032057542,-1.3515365391913239,-2.1770952399154058,-3.6735871448986464,-4.222719597849345,-3.315475196861999,-1.0777707983468698,-0.39499280835357725,0.21311621818446727,-1.1233863047860992,-2.003539918206552,-2.876161343881916,-1.4641737818224376,-0.04550514720728007,0.1891178889892659,-0.8931263964957525,-1.9465849256042518,-1.8790629713629106,-2.375885901030582,-1.1443699315529854,-0.5521654375567682,-1.052259805080456,-1.2398291103326802,-1.2717358453382541,-1.428739368783702,-1.3126258262652437,-2.042700277779679,-0.16372235614602318,0.27697317586931464,-1.0763214692875602,-4.266829164858227,-1486.9603
21.716135,0.5625381,3.774123,0.7412683,0.08913815,-0.6183330096871854,-0.739509329233633,-0.5858910579982023,-0.21587825893145138,-0.30830904691249966,-1.1127786213435544,-2.024330037581402,-2.3580224715419082,-1.8255908113092025,-0.5092807228143905,1.2117719174351953,2.891420357374286,4.278514803316553,5.316909601577286,6.0216711741655695,6.417659723758149,6.535047471606186,6.408530693053478,6.075635658205903,5.574138452784542,4.939321847941408,4.200009454532596,3.3848958446085353,2.5277650733364605,1.6740327849969021,0.8997866559066914,0.3062152001486593,0.02806645494149944,0.12176911088659575,0.42616371179076923,-829.7478
2.1492882,6.97675,7.8974824,0.015242757,0.054973252,-1.5058098411094178,-0.527539993070583,0.16069855121573745,0.8333809259209874,1.461888357052408,1.7048302076895776,1.5066556467990677,0.6902165519249054,-0.33266897165557924,-0.3253788735910084,0.6003848249332716,1.0284150268854193,0.6299485558819337,-0.05972668182157779,-0.48675744364419055,-0.3972220579386977,-0.34238645085237596,-0.43869907972452205,-0.6152807740459239,-0.9108580391038047,-1.220446970592265,-1.3790167171814545,-1.2676824928072306,-0.6988902196788342,-0.2099048022365115,-0.6031934678097113,-1.517120337128147,-2.5037133338139963,-3.489668345963008,-4.476131620396855,-203.03104
40.0,4.0124545,2.684567,3.3980486,0.033688303,-1.3936176008949186,-1.7002074178013467,-1.633010735908492,-1.339676398858883,-2.0746758842698703,-0.9407762127959117,-0.2950021783055302,-0.5446477384136088,-2.0863636866157003,-0.4550661205879692,-0.29937371292788145,-0.2639073254962052,-0.048392301551318066,0.22796741500796397,-0.857969824924861,1.8273045151050795,0.6825062066908636,-0.7936873380492101,-0.3327111521586332,-0.9204031950917728,-0.0588606840002296,1.489935600261171,1.0194753814081745,-0.3994601700272985,-0.4784918380227746,-0.17553382485538319,-0.34024536511319836,-0.1284104577747793,0.18303156349343663,0.1355901891397272,-1990.3102
0.016252879,0.010000011,18.287443,0.010000011,0.049873315,-1.3876880211817362,-0.2343065195632885,0.13586611021842915,-0.27206071136098336,-1.1765966715613854,-1.9758126908367692,-2.0815698728797156,-1.4922257317516043,-0.606654339609057,-0.4593973548027846,-1.1657206651920016,-1.7268494716170895,-1.2004836066630984,-0.8355086771238374,-0.7040362362331638,0.3239130775855757,0.6786463486935443,-0.3378358361233132,-1.5924471092184445,-1.8390099353141778,-0.7827539450260931,0.1374306124464932,0.5960026024423906,0.6060979784575876,0.19069849626712,-0.4592730323139966,-1.10294280819393,-1.7594997602716813,-2.593423653593103,-3.4759829297328624,-649.65155
4.4704537,16.24959,3.4000077,0.010000011,0.04693998,1.7603675118886875,1.7228797955272022,1.1874069613894163,0.7121440833420525,0.9026473267820123,0.48889365746023433,0.19565375734175128,0.33847856436918594,-0.42975881076856504,-0.5559327611631806,0.11275813135645273,-0.972671877119287,-2.423806838910288,-3.654258462924728,-4.266239594328247,-4.1851365049293365,-3.3349499592478526,-1.67664849397821,0.7610975530670268,3.0510102052990953,4.683129358987444,5.7339453088294166,6.346729165254944,6.614382717678405,6.632611854126529,6.454671361877451,6.156272978801783,5.78845546745269,5.398030755271449,5.002220767550463,-1134.448
0.90498966,0.33343276,2.2970262,0.29267204,0.79658157,1.113167821712224,1.0561717871022047,0.9986645671992581,0.9418336652019464,0.8926360662307384,0.8483313583573543,0.8129635686416595,0.7822410148621473,0.7641164950731785,0.7532975251302851,0.7463393450849205,0.7360442990251737,0.7183803623445109,0.690164803363484,0.6489408544469216,0.5940297428043428,0.5351087863711901,0.4776294071096214,0.43216637452324436,0.401337133672423,0.38658440633214664,0.3856367545344259,0.39165620660055867,0.40218507429763795,0.41532270406497235,0.4293864828436653,0.4428546571572143,0.45492025029629957,0.4681213036425143,0.48289475077754984,-1695.9042
0.010000011,0.1514338,2.3197603,0.04958578,0.072058186,2.0565335413909223,1.8610692299922562,1.685975982261349,1.6019172491791855,1.5624888669556096,1.5767276052020431,1.5959785113847278,1.6286750734391726,1.6943796352235712,1.7472132907935831,1.8148760905199437,1.8522812594080291,1.916891133713436,1.9977410562537299,2.072228406075561,2.1563799794181557,2.168371746106707,2.116077646820824,1.9903925547796248,1.8794341220809174,1.8180117894018917,1.842687756420982,1.8303858863402465,1.8165951721885807,1.7472612142486121,1.6585259304009785,1.5464075276780107,1.4275375550729603,1.3490917718918922,1.3052011083804607,-857.59265
8.600336,0.45439547,2.9178975,0.48859572,0.3865475,12.317026505236939,12.317594553626908,12.308394417234544,12.287523478660868,12.258467440871703,12.223236137105658,12.180152522595357,12.134325522406687,12.096196962014599,12.067631456424039,12.045662727255701,12.02733768823658,12.017458278692873,12.01784733272719,12.025497185634626,12.036876544925224,12.046918805393503,12.045591809093153,12.024184800646973,11.977808398374473,11.907369729427936,11.813312844246644,11.694461441357353,11.554517508527189,11.400567530481043,11.236461129898615,11.06346670568235,10.880021376561405,10.69369490093623,10.507102323577241,-1210.3572
5.901486,0.010000011,9.380734,0.5211612,0.05940261,-1.121301148402568,-0.36680225070388056,0.13181624088697622,0.30731501065938793,0.3443876750038844,0.3932517459093964,0.522752695161651,0.6954094243811058,0.794769603740785,0.7549067083559117,0.5857786949446483,0.32232586878935243,-0.014151693211176616,-0.4149218899766581,-0.8646528728546988,-1.3333837962323143,-1.7839330080499043,-2.177824654823239,-2.4800063210906815,-2.6613249290149223,-2.6973539221076326,-2.5696787629406477,-2.267457116309699,-1.7938594687714993,-1.1712744610819927,-0.41994941102628636,0.47019778660370726,1.4722412155437872,2.5119221732865444,3.5543329114142788,-104.16824
0.010000011,0.2825852,5.124003,0.35697442,0.6848877,1.6637384782265219,1.5514780242012507,1.4397292178217196,1.3294758934274176,1.220978913376443,1.113909199065219,1.0074494032553347,0.9032061558464098,0.8042469046691954,0.7142617661874745,0.6355308074773974,0.5684474062955557,0.5135354771707679,0.47154240950241605,0.4425329866183667,0.42602065898769403,0.419887602436652,0.42258747738745894,0.43302154074160265,0.4494653637527972,0.470921103734618,0.494673054664945,0.5182620495565015,0.537582603985545,0.551389360139863,0.5594643191971501,0.5646779664660323,0.5688824731800792,0.5731284680452148,0.5776430063592657,-804.9579
3.738431,0.010000011,4.269775,0.010000011,0.165969,8.187015560184348,6.1477343579621575,4.124967941819699,2.175978426330998,0.41110518661413065,-1.0100608762595586,-1.898592742504826,-2.111227463340733,-1.6234344151823505,-0.5530173197054497,0.882689098564184,2.4448941811554046,3.9429010453746405,5.257735740513666,6.326560558159392,7.128828841400972,7.679262074117184,8.001871802488024,8.121505011963805,8.069597535654253,7.877867898071603,7.569807411905687,7.163800113041644,6.672150399725396,6.102456790917184,5.465646685050195,4.77811731094469,4.0533175774259025,3.3105105012476663,2.563790559659692,-625.0302
2.2045155,1.9280069,9.229333,13.002282,0.07169386,2.866341844186343,1.6364366583738374,0.4623050122221822,-0.25322557699389964,-0.10239551982052565,0.357351732738959,0.3747093452432698,0.13607299107950424,0.0055835196362516906,-0.05985298066247244,-0.1660834972153031,-0.2996228964577692,-0.5378704753421442,-1.0437923039335686,-1.758158778799944,-2.4467119334469833,-2.9607847691164206,-3.250182519793662,-3.271352259726414,-2.964732182720259,-2.2759005765576927,-1.2011572297294202,0.19441010892504706,1.8021500517605344,3.496993713531987,5.206751807485,6.914719859147311,8.619475034540276,10.321731446867256,12.022988941499694,-271.882
9.014578,0.63147724,3.8962076,10.623573,0.06222798,-0.40459040617880365,0.5043374968218931,1.1706099361089093,1.2428888443962556,0.8793445052695391,0.633316529542159,0.6853450601342933,0.8115699075733973,0.8821855532913114,0.8669540516204437,0.7384327477349251,0.5475589798687638,0.3625203382179213,0.16664110326580128,-0.012218807163895807,-0.09163137268603423,-0.22495300644679894,-0.6441386627963762,-1.1916894886778715,-1.3802203264137727,-0.9041029540906151,0.0795641040449336,1.0255322321461133,1.4049814085873498,1.147493738583181,0.6593699909844523,0.3585081336527512,0.1825057251514108,-0.2471898962200867,-0.9683511779505474,-206.73839
0.010000011,0.26632175,0.5299358,0.20459372,0.31229225,1.4202705275673748,1.439957985200827,1.4591013424707338,1.4764746397975603,1.4910482627979276,1.5021117275102693,1.5101819647457275,1.5153055840350056,1.5179187140703752,1.5187097043358373,1.5188005689226833,1.519208382624385,1.5186103819687933,1.5148041321987415,1.505285351793355,1.4893421461072853,1.4678839043286198,1.442535942603233,1.4149940061246529,1.3863377836359823,1.3567846880794916,1.326213358471923,1.294599009699427,1.2627568249406242,1.2317152371189257,1.2024973480192203,1.1756435368327043,1.1517431779327232,1.1304650688165945,1.1107364465893874,-1322.2706
0.010000011,0.32376835,10.737394,2.4874027,0.10836313,-1.358216031233702,-0.2861602103007867,0.6925423317769852,1.4359431415323416,1.8278190789454167,1.8177850244536493,1.4169460775806253,0.6874522512367559,-0.25273077732318894,-1.2371075909475695,-2.0910832058264694,-2.680096229176789,-2.924467773735427,-2.7859079169063232,-2.26321355285627,-1.4315816505226735,-0.5120129112344599,0.144500067290598,0.2783943405783542,-0.030562603873572274,-0.4441740211727583,-0.7059272456624136,-0.7904270658714874,-0.7506737962200761,-0.5674724296697705,-0.1768031191647331,0.43384358198353173,1.2019455343641368,2.0431257797324394,2.902755146515511,-165.67188
7.7030783,21.023243,1.4830807,1.9953412,0.033246875,0.15051197036513594,0.8885942952221265,0.719834909710206,0.8219699057559207,0.7472386236792962,0.5707134834232634,1.0199857786994633,1.8733367906485445,1.7898665459060394,1.0068246905415323,1.925890153101734,1.0556819183908324,0.7657508226193477,1.3560832795305597,1.1274856954120924,1.102979210765503,1.374301014613003,1.3040088119156172,0.7080213639697944,0.8712455897503548,0.8026458968997554,0.4839127523123128,1.0165733623871085,-0.04272605117168176,0.35843882746121447,0.46276035985572217,-0.0639041007980052,0.04198356536261872,-0.49005666975557816,-2.4997999744628006,-671.1728
2.2231736,0.010000011,3.637994,0.010000011,0.12591134,3.4022071582131552,1.1599985282862693,-0.8740705692004387,-2.371396985644969,-3.037663704770717,-2.747014716154891,-1.5860357220466053,0.18294046262062355,2.2268765150027465,4.254198035811688,6.079761755228959,7.626079213594462,8.880942159216852,9.859276149391963,10.57836990650386,11.057602120522796,11.316573847983754,11.373379269626719,11.245263935450437,10.95194808268561,10.513364322820182,9.947957387548318,9.273684539608087,8.510694053299495,7.674887739557865,6.780300060341106,5.841383915006343,4.875974305701891,3.897501117697766,2.914944995470789,-842.28015
0.010000011,3.3736823,3.0412664,1.2523127,0.5288936,-6.7382819028971905,-6.115457480983172,-5.487046794600705,-4.851505816905668,-4.211220834957619,-3.5688811676650922,-2.9233706413110006,-2.272256999138726,-1.6195883534340931,-0.976285598925211,-0.35351008614511525,0.2416161637843857,0.8079781608134414,1.353185703792114,1.8872658997645708,2.4214684697033375,2.9608883821389296,3.501884501817394,4.044273822762304,4.582263843046225,5.111809255877161,5.630489959734621,6.13776851349707,6.643258313217346,7.156049008678725,7.678742849528081,8.209037778620898,8.7431206363169,9.279751986087287,9.819290623181947,-614.032
4.1972795,2.7533047,3.6903026,0.031008951,0.4347176,-9.248757502124214,-7.220733826927835,-5.2161331381895035,-3.2568672203893723,-1.3612770102665859,0.4377999610409305,2.1314845067829293,3.68863602785097,5.0818165039790095,6.266859754798292,7.246865346054344,8.0222942546058,8.589133446769065,8.944955929338883,9.094586300221605,9.053288858495122,8.846189741114413,8.506846028713651,8.072829261516276,7.574824574107417,7.055578272230078,6.541706628171309,6.047193097892441,5.580695913336779,5.14044106172505,4.712898881716487,4.299384621013157,3.9122094071000757,3.559775872896509,3.2259997092676373,-1031.0176
0.010000011,0.010000011,10.253455,6.506978,0.05452893,-1.2411272992838813,0.21965344064655615,1.3160830407338984,1.7684135614701233,1.668235220661323,1.1947590016591254,0.3997937539424938,-0.6164960518385847,-1.3558971204056387,-1.4219981571491964,-1.150845693062519,-1.0271961713078217,-1.1094805783154784,-1.2420522057993164,-1.3476870149599653,-1.462643839425487,-1.638516213608912,-1.8758136076323833,-2.1438447328651984,-2.4002876141535268,-2.596374554622449,-2.69183929026151,-2.6624219774461704,-2.496949457390848,-2.1923587500508646,-1.7563564764515551,-1.1970022140192296,-0.472204936902511,0.5711305704250526,1.9042944167716431,-137.04716
40.0,0.73516625,2.8356035,10.066807,0.041373983,-1.1908416697370354,0.10243204445683665,-0.11245051965233557,-0.08052304058280033,0.31442017224728586,0.27252073567331125,-1.2529171256983735,-2.291513185249381,-1.8855538695304668,0.4920125495976488,2.014512983164908,1.0982482377085903,0.28602614337446813,0.5169643529707542,0.8456499156533328,1.0305613834541665,1.624692133966275,1.9637994265623075,1.8590941176967077,1.468284645721455,0.10177415304511597,-0.7364752330878004,-0.9490678119034821,-0.5682429009650544,0.39023090421419915,0.9510787998244921,-0.04390717873646298,-0.8086763303007463,-0.9100971864776517,-0.9394072259682086,-498.83646
20.358706,6.3874974,3.370095,2.2194195,0.032220773,-0.7011496519784581,-0.48750607451051775,-0.4222729920610025,-0.1454867313564113,-1.2631601290382934,-0.6682026612451437,-0.5655158360717751,-0.34103763485046185,0.15836471583259798,0.7964844138378047,0.25706580558713704,0.7591034770412411,0.7637135435517587,-0.053811921297919015,0.5256638652074672,0.35613872922218803,-0.2985159745474016,-0.0479619680867861,0.43994016433355326,-0.04733263577402886,-0.726217440954736,-0.22612634580626548,0.26595659305179353,-0.6800133408595816,-0.48865112338610595,-0.22237752364258717,-0.37024554554119826,-0.5109496872955317,0.1661961025584153,1.1094438496822994,-318.76862
8.735595,3.573547,15.157003,0.010000011,0.038733058,-1.3499992035709683,-0.21821867412572205,-0.1397149228755621,-0.46140396227554525,-0.5424256834404532,-1.2209279172110605,-1.7752726648871813,-1.120746490740761,-0.4754421643371768,-0.39754396537717884,-0.2875687184486317,0.585645801008715,1.2615972723856503,1.1363633203777725,0.24991228550394817,-0.6555829638072103,-1.2161390767408669,-1.3173686840770296,-1.6404625930704146,-2.111251310620415,-1.4143623385677837,-1.0311129128536567,-1.9595036673324198,-1.7879963424845708,-0.8085932740919386,-0.5165031647922003,0.5232483444002147,1.868874443367404,3.230662239811202,4.594424144556293,-244.19955
39.992622,0.2836769,4.528858,0.7340631,0.05466438,-3.164729128246912,-1.4232107189728198,-0.1050269266029426,-0.2589045916208953,-1.2420424528383485,-2.2849678059943512,-2.5491829780541058,-1.6016687051577851,-0.08588473140901007,0.614930640569363,0.29753048403820753,0.1762083293814045,0.9336563425372457,1.739557917964651,1.7898711700945746,0.9234266700328388,-0.22047785847529325,-0.4496145564053261,0.3118785025018724,0.24542925413254443,-0.10374621197531701,0.7439803109870421,1.6485929543284268,2.0095377698707995,1.8591437427876474,1.0833638767073293,-0.35875445872358597,-2.2721384669239426,-4.296880577848061,-6.323537953386998,-525.10803
2.9797876,1.2939019,6.77685,8.207945,0.06060802,2.894430666272997,1.9407908780372576,0.9803453484375125,0.21487994591725335,-0.20613761473918063,-0.6249416773903276,-1.067730501935423,-1.13956366345728,-0.9380827434652059,-0.768088088999002,-0.49980169620869813,0.053394536666662225,0.5624804904120734,0.5630496063584625,0.27277185787058694,0.19761702816161392,0.2537142912673047,-0.0027292066399382552,-0.7558814487537404,-1.8311771335563098,-2.9947750418276233,-4.166706471150063,-5.339991345667318,-6.514294909321659,-7.690539123549027,-8.866784762558519,-10.044340513236309,-11.224082175298982,-12.407823190480082,-13.594114427788728,-162.95435
3.6620002,0.19733481,2.4697306,0.1516224,0.79380316,0.784527224503206,0.7751517342816893,0.7637230425218662,0.7498610438274647,0.735003055146366,0.7205909592089607,0.7068844152424704,0.6935256634091909,0.6827457978805133,0.6760807695873968,0.6750515310220837,0.6779340424347022,0.6826386338631538,0.687482266644616,0.6903221963195882,0.688984419186155,0.6812588854453606,0.6686808939176313,0.6551894166484525,0.6449485414018779,0.6400142740986248,0.6409383636270527,0.6470851835408321,0.6566590302030567,0.6658477686926126,0.6725391012585167,0.6769325753636566,0.6811590003800508,0.6862189868304943,0.6919709055345356,-933.94214
18.035856,0.010000011,4.477834,0.010000011,0.04706407,-3.7738566788399868,-3.150619013143593,-2.6619293334102707,-2.2052348718500303,-1.6353404803759557,-2.055197041496834,-1.6392130479967186,1.1807756846419606,3.970795797266035,5.871743769823668,6.9658386812515305,7.364614767405433,7.167490486467257,6.4628492447875,5.329308240378346,3.853341508011587,2.141238345159905,0.3804342649464175,-0.5312871840038615,0.17870661608852736,1.0503846694383725,1.1738937578678212,0.2226095676144469,-1.9256464739888013,-0.9652369476613155,1.0784174467638148,0.9289443060376902,-0.899988774002102,-1.7522822032496639,-0.8452981552507476,-851.3101
22.276531,0.010000011,11.000538,0.010000011,0.046730332,-1.5298487198124975,0.4304901105496611,1.7379128398749115,2.3543962553240108,2.335994380795809,1.8226436190624484,0.9186780526852292,-0.5163586978606535,-1.7807506459362086,-1.9383911190668848,-0.506662851965291,0.5739795071422944,-0.21960547852557488,-1.473082813979238,-2.2771202657523197,-2.003819247203854,-0.4043774488331418,-1.0651580047118019,-3.038886438321425,-1.972241591860033,0.5902649006216458,0.4778412573268422,-0.8584501484740509,-1.9876204846780294,-2.315882885312344,-0.8504293376866664,-0.8032492997986157,-2.5865625142598496,-4.573988440763388,-6.556806470819417,-947.2135
28.214218,1.0252308,3.4760282,0.010000011,0.061348815,-1.179755245326176,-0.41027941273438373,-0.24323262154845504,-0.6207033322358356,-0.9116500580277593,-1.034285614340385,-1.2795713835334006,-1.66564595279953,-1.8500707659615263,-1.448838966681837,-0.4553338581822147,0.5079029088552077,0.7080706256045444,0.18927108624268218,-0.40504094614894104,-0.7526032959800463,-0.89187807356048,-0.8328052915216507,-0.5973899215809413,-0.16380611666966105,0.5593630714547726,1.357699262029744,1.8360594481896109,1.8476416904867259,1.2988796550981447,0.18714786750539927,-0.7548354713817494,-0.536294663705618,0.8074124996357201,2.579603405576804,-277.07138
1.1044552,2.1249957,5.9112306,0.856617,0.15873829,8.459114721418706,6.145802221160028,3.8621139450394444,1.6938080662337291,-0.21079043318448926,-1.6579391833027868,-2.4440203046175966,-2.4523082018220217,-1.707779624632802,-0.379493285993829,1.2828698210450251,3.0278187976600934,4.664264663486688,6.076777158129592,7.211806328973236,8.059594332827235,8.634220129229696,8.955486982030354,9.040500740207278,8.918381721830714,8.618655142944416,8.169097847764634,7.59677371163905,6.924451609045365,6.169367232466639,5.358643930855852,4.517569912783618,3.6660397925139128,2.814689597515534,1.964463276349326,-698.07874
3.467651,0.27477816,3.6030192,0.3597727,0.28857157,13.352051222222592,13.390451043725506,13.424163759991734,13.44740269253843,13.457153771649995,13.454669846631052,13.447332666726249,13.442582337180939,13.444726819483954,13.45188558650345,13.46130319746756,13.467139605635444,13.46510148758225,13.453709003702148,13.434718250811764,13.41733652272023,13.401846292526812,13.389256367325208,13.372447857911563,13.352051444646463,13.327402536766044,13.302764678000845,13.2816343107445,13.265129935912036,13.259725617277452,13.26831001386854,13.29349869428193,13.330314051818588,13.37241024303677,13.415206875956157,-3054.5574
0.010000011,1.2189926,2.1561403,2.0628357,0.57490385,-4.462568380446268,-3.707982509090787,-2.961570872962361,-2.225914816363941,-1.5006870285744138,-0.7882615486206073,-0.09825955516075656,0.5644442248303961,1.1915097633280414,1.7691636320990005,2.2803918442140603,2.7147397580574566,3.0674159197512734,3.3335694985419364,3.5153793302199183,3.622000986374017,3.6700656608866096,3.6721860194829143,3.6366660319112616,3.57070793613459,3.4870949917646614,3.395440796148896,3.3000030644033505,3.2043309938437807,3.114836680646733,3.038360353076574,2.972270299062133,2.912421723128624,2.856344109498261,2.8038544207010783,-547.047
8.825302,0.17438251,1.6076008,7.3864017,0.46670544,2.9107649593477825,1.8373366798464446,0.8226116281841058,-0.064761100980421,-0.7739089984268528,-1.2770951206985683,-1.5476988030139631,-1.574967896420484,-1.3771857725224197,-0.991811901692042,-0.47153629873918324,0.12540154551281468,0.7412213570832374,1.319909324434378,1.812115459763689,2.179123965108547,2.407283406418792,2.498735084763878,2.4571797745896995,2.3058027471799893,2.0533638736938338,1.724217723689229,1.3318201199518136,0.8978089974179584,0.434470832710727,-0.04445007491284205,-0.5365268229294956,-1.026390905616043,-1.5080475445140644,-1.9810832899622728,-246.189
8.249151,0.010000011,3.8076463,1.6968634,0.20281017,-7.661864863316164,-5.334694777414927,-3.0203920845740084,-0.7359154008374373,1.4881401973771362,3.6166684877535067,5.610419177079374,7.43534046032305,9.070176263458496,10.498543699937645,11.710483308174986,12.69227848629335,13.42394792192401,13.905102860712212,14.137981305896146,14.12990308751116,13.886949371140263,13.411955699713474,12.694579798000873,11.724871215349395,10.495153620729429,8.996736108175494,7.223480878439225,5.183862723960055,2.907083679802027,0.43301434998799054,-2.1738171578162526,-4.869740728065743,-7.605284053114742,-10.352739852219992,-1238.543
0.66732556,8.096649,0.14257205,1.2301008,0.08122508,1.866038318651379,0.4217806868287177,-0.3297793799395333,0.09131614415360405,1.1908567966975692,2.31149504917005,3.2197238759413485,3.8626103931565545,4.184537646471496,4.117833352332031,3.597294756134689,2.5906999745586647,1.2381636405970085,0.05187757012713399,-0.3609149476782456,0.138104201023127,1.2394385335171305,2.400143909205545,3.1697803040831096,3.381245097406024,3.0180158606874348,2.126278514066674,0.8947534238443645,-0.16033252587647198,-0.36247104444556294,0.4481211673443547,1.8177252008158817,3.342085589870839,4.887391433339386,6.433607648374125,-361.42944
18.335403,0.21517368,10.2295475,0.010000011,0.07912658,-1.974038799327381,-0.5299823669683491,0.506719956973077,0.6205676929314332,-0.3715319488781197,-1.7776098387537125,-2.368763681733475,-1.548595054867844,-0.10277358127453727,0.4211481551156242,-0.5049707894326314,-2.0471411645664745,-3.3474318743091027,-4.070781355412291,-4.127700644725282,-3.489099609054476,-2.1888177436749308,-0.4926054816424752,1.030160852156093,1.8173506100733638,1.6763952366638366,0.752624817789727,-0.5598002111716561,-1.7443825853802999,-2.379269017463145,-2.3497819398339748,-1.8262821433567074,-1.0897086445912902,-0.29370877410287416,0.5446637582878794,-400.9065
0.010000011,0.27178437,3.9538338,0.2923254,0.5832335,1.62076219236103,1.5728154430730403,1.5238111993093861,1.4730853859441606,1.4209135969171043,1.3674548728739535,1.3142287439041678,1.2603863338943186,1.2076205294283877,1.155765055616724,1.1054958427031776,1.056630288129693,1.008674183159541,0.9620944450816727,0.9172533525795726,0.8735134786133922,0.831836757679269,0.7925436330620117,0.7578887397100859,0.7272258620825327,0.6985765382246892,0.6692631266359736,0.6368520682153866,0.6000987882490352,0.5557416057878837,0.5025705537015016,0.4389171159960613,0.3684696753402543,0.29343703148496153,0.21756654709029577,-472.07623
0.010000011,1.0778351,13.560138,0.10284245,0.096549325,-5.852336144553774,-4.093505191275042,-2.343655394361073,-0.6392071120012875,0.9349523948150078,2.259861087160444,3.2400893260801777,3.8399253400679982,4.064719972525475,3.93516722999752,3.472368814451369,2.7028994332231515,1.6834565743296912,0.5696362800476592,-0.3124497798011472,-0.5929228806867245,-0.25663817323030913,0.21145170558554624,0.23485563210924673,-0.3918102579658049,-1.3142397793241225,-1.765220718287372,-1.16192146931349,0.41655346637223517,2.500157781825448,4.731760916601788,6.980049116101343,9.221703287134766,11.457696982296916,13.690426091569918,-511.482
2.5055125,0.28217584,6.283555,0.4386203,0.6463032,4.460694256921461,3.9123373397602283,3.364847249027846,2.8193421251818136,2.278694973655987,1.7439437396699486,1.2163360092828528,0.6976916080790244,0.19095123236067763,-0.29950764091215265,-0.7704616620195238,-1.2188817471213191,-1.641858248285185,-2.0367499601414667,-2.4018164845391112,-2.7368273352616255,-3.041955243487074,-3.3164432083506465,-3.560687449599636,-3.775504896514448,-3.963865074877363,-4.127297376113595,-4.267463815008851,-4.386345268389578,-4.486832647917405,-4.572799493345563,-4.647882241644256,-4.715960348174556,-4.780911157857091,-4.844931573224392,-188.33464
3.4843051,4.197632,9.998075,0.010000011,0.08216963,-1.2851977915520285,-0.25975948516366343,0.6475865732828958,1.1965822272563675,1.194025720649113,0.7277277149103932,0.10882293493114588,-0.40013065284473853,-0.7211076785725714,-0.8858732198907406,-0.9198712300113434,-0.7966017493320193,-0.5315697592581581,-0.30768902989476243,-0.32339301421126143,-0.5001850748221832,-0.5935990813618711,-0.5256033949631035,-0.39698555373839345,-0.2864103155280024,-0.1982640390223124,-0.12985451992091923,-0.05496560328093489,0.118034125235024,0.46977282185850117,0.979141819732027,1.569802662359326,2.190461919248745,2.8221622088593015,3.45748157815775,-188.22722
0.96814966,0.010000011,4.4252324,0.010000011,0.20629868,10.62235682050187,8.862154494405843,7.102641944286831,5.348867349647486,3.6112713109664925,1.9119660399778096,0.2866674767260116,-1.2082318832968921,-2.497209501739875,-3.4895476376486663,-4.0930434357076555,-4.230679993114143,-3.8648862983464234,-3.014777063662158,-1.7687793690213647,-0.2756426813853247,1.2753727263252888,2.68798634828271,3.7926302269739995,4.472447212443985,4.67361725428216,4.399668351562934,3.6942096679353877,2.625986457563717,1.2735107804720773,-0.28347567716565336,-1.9740669769703538,-3.7415030236150066,-5.545469186552216,-7.361088449166285,-768.032
3.7714872,0.010000011,7.941307,0.010000011,0.2919058,-2.800467777313841,-1.9232887372525962,-1.0530624742608652,-0.20296231044210253,0.6077132251952041,1.3577366506076982,2.026274681059245,2.593985060789136,3.0410390831167105,3.3529263113233996,3.518001133746732,3.5304496284921423,3.390810584935816,3.104617932674666,2.679605411022557,2.128930544675244,1.4693335389375985,0.7174937802211312,-0.10983376951021924,-0.995538859507723,-1.9248391691612463,-2.885520252718673,-3.8665662532717815,-4.8567785127204175,-5.8501954730537955,-6.842715762130314,-7.832479206638626,-8.818762968336443,-9.802127001524806,-10.783984748271058,-189.87471
0.3005251,0.010000011,2.481633,0.010000011,0.26751474,12.263190149915253,12.245756997168018,12.226570693325005,12.20412133700797,12.17654629568496,12.139184549196147,12.087299446523028,12.012262337683625,11.9097382927361,11.771308188023038,11.593377760018942,11.369661085797459,11.0938571606351,10.755396898191034,10.343306380919609,9.846333625206787,9.253480060232334,8.550098105163281,7.7259130523573285,6.769074887176392,5.676575323269677,4.446370180727733,3.0879195145267833,1.6131661826682018,0.04398601214205843,-1.5998674637408181,-3.2919544804864804,-5.0161694482686725,-6.754887218046874,-8.500330698881298,-880.06323
9.388431,19.431164,4.4756374,0.010000011,0.03920245,2.129296150916973,1.3414819587151865,0.7335115093976704,0.4647002403894439,0.551398897094166,0.76230706195712,0.9269292670853441,0.9493771314288487,0.9008631878760286,0.8726016459480253,0.8264631601607474,0.8048823983253803,0.7941283612431181,0.8488520227983727,0.9198630178532414,0.9274058125986849,0.9047403179264699,0.8402570546048302,0.9188341538227187,1.1854154314261278,1.656768523854296,2.0322529337058675,2.0380930304449936,1.8205454806404866,1.6630879702907346,1.6639455667017637,1.7368520121761581,1.9692807456290002,2.5242769080263536,3.2835348217128737,-227.88676
13.602594,0.1692524,6.8468294,0.010000011,0.07203778,-2.4703118720629536,-0.7552659123594667,0.4793241995455951,0.48748175341523425,-0.632908411550822,-2.0940570533876337,-3.416434077977055,-4.482419078057744,-5.270636471046238,-5.775630863086897,-6.005608812148754,-5.969639664350836,-5.673000828167366,-5.121319267079741,-4.322699910942334,-3.285655437791173,-2.0526068978850645,-0.8333369947940682,-0.1481621053261679,-0.32936141434168087,-0.8684460792731593,-1.1361503907318093,-1.05995006046573,-0.6274791303372235,0.2391707552986576,1.2862223728708742,2.3049246976848647,3.2916161554795402,4.262955623352148,5.2254683937604245,-342.05493
2.916124,0.48095632,4.0285034,0.50042796,0.7221176,3.1710615456030955,3.15113660468665,3.1324040452934994,3.120093225183681,3.1191041219357545,3.137666535181501,3.1769563553659435,3.2361378665536256,3.311082803914235,3.3971000401330964,3.492692126879389,3.5913387701828348,3.68875383210068,3.7758194062974204,3.8447987589381576,3.887630593990107,3.9009185625679104,3.8873068234054937,3.8585037054557842,3.822445483611152,3.7890908019826637,3.7603694692240763,3.7416280337123102,3.7368020211807322,3.749025664966199,3.7779905073241062,3.8207329855451104,3.8747166614882973,3.9350400995630554,3.9992352754662335,-1497.0305
1.1748806,0.18163253,2.867469,0.26703832,0.25174907,4.51313863041814,4.500422026332688,4.489162014172798,4.47996555984157,4.475238903768279,4.47233305716122,4.470428618759824,4.467912473679235,4.466668019561519,4.466653256638918,4.466366142859544,4.463272667992011,4.45600824516195,4.445649629549075,4.432029592096073,4.41646072094615,4.39911520775785,4.383157389832849,4.369887619610462,4.360046963145835,4.352585615616956,4.345895896048767,4.3405181030488675,4.336129132566999,4.333743912780945,4.334083615988026,4.338078923340512,4.347789853567166,4.362340804464678,4.380012084805266,-2467.795
1.5567216,0.40481243,3.400063,0.41553542,0.47855312,4.968706024583217,4.888639742722916,4.813246425293693,4.74408919312628,4.6791243331669685,4.616230437289903,4.554607713988213,4.492437537067565,4.429099533911769,4.3661800896963205,4.307383541112766,4.253204825575768,4.2037831037794255,4.160857690350778,4.13009873596031,4.116933701749065,4.124804039979017,4.1549038484116085,4.204500902680562,4.267580471104563,4.336013520932996,4.402464934329014,4.459910092170039,4.501430063799786,4.523391048462052,4.527553008743476,4.519109573667962,4.501870786599407,4.4777823566212565,4.449801884912853,-2319.9036
11.385378,0.23766732,3.6416903,0.9758491,0.073558055,-0.21181771236230135,-0.14848760058231056,-0.3624225442135814,-0.7142711498434067,-1.1502231958066345,-1.6239324890160587,-1.6799079048639602,-1.1247682592363224,-0.40572909043516436,0.0397090462270652,0.004524555396547576,-0.46611370771220134,-0.7549578658832472,-0.24221901657874062,0.6523350907856814,0.8874228658152754,0.1376625564650272,-1.0668997198400836,-2.1790189885460323,-2.9969078613919438,-3.4813537672840047,-3.6155926226213624,-3.3809338934527027,-2.7623436975164313,-1.7689077648930198,-0.4546926895441911,1.0752024106959726,2.699051241017276,4.343649770524327,5.989543126341288,-288.0523
0.010000011,0.09730853,8.688556,0.010000011,0.526836,1.600129646429726,1.5472891152366521,1.492597403652345,1.4335451123413963,1.3699088046444057,1.2999247166119434,1.225691848424686,1.1479341330984663,1.0716430507332626,0.9972510261151668,0.9261047834288415,0.8575424551762082,0.793646792564089,0.7385774706693066,0.6952842761015121,0.6670911134364926,0.6532761689404512,0.6542620822072214,0.667919898036875,0.692761681362147,0.7240114785450655,0.7569316347438143,0.7876578426284372,0.8160732458902369,0.8433884245963369,0.8689535608787432,0.8914853989107346,0.9096333124873363,0.9254394240759191,0.9402646360236834,-533.08484
6.0883517,0.386031,2.937728,0.27799013,0.5311384,4.125337644389647,4.135820049882973,4.149865091653783,4.172600892334959,4.2059843737989455,4.246729195206188,4.290543169333363,4.336837770096519,4.39143650995478,4.454741877826611,4.522521947025877,4.585979431815079,4.640536726519184,4.681080454232301,4.698645080551004,4.688294085063479,4.649486303013507,4.58915284342756,4.512803646641234,4.4257165274603185,4.333697724510332,4.240319423836217,4.152011677295111,4.075348616323636,4.018761068338795,3.976942792386412,3.9361328270536347,3.8831006312030283,3.8179529898079276,3.747080333349493,-2328.6106
1.68662,0.010000011,1.8890612,0.010000011,0.46629855,5.576754293509539,5.263012565513662,4.949291269969758,4.635626548812449,4.32142510863317,4.006468882110143,3.68988334057978,3.371080651005195,3.0498083277297305,2.7257995710011627,2.3993362167147403,2.0690520401842196,1.7341041765613419,1.3934424444989661,1.0480062837495445,0.6998717000595531,0.3509155410547364,0.002447482715686146,-0.34505308727940454,-0.6907536205544871,-1.0338293409033483,-1.3737351178568298,-1.7101669556148782,-2.043277188493452,-2.373409047951485,-2.700771582155228,-3.02550941288501,-3.3483082469014525,-3.6695721773713914,-3.990154882840052,-115.24072
